Year,DRG,District,ELA,Math,NGSS,DRG_num
2019,N/A,Achievement First Bridgeport Academy District,488,487,1097,0
2019,N/A,Achievement First Hartford Academy District,469,492,1091,0
2019,N/A,Amistad Academy District,474,474,1092,0
2019,G,Ansonia School District,467,439,1091,7
2019,N/A,Area Cooperative Educational Services,,,,0
2019,B,Avon School District,583,588,1120,2
2019,D,Berlin School District,537,516,1108,4
2019,D,Bethel School District,529,523,1111,4
2019,G,Bloomfield School District,477,439,1088,7
2019,C,Bolton School District,540,506,1118,3
2019,None due to lack of data,Bozrah School District,,,,0
2019,D,Branford School District,523,513,1102,4
2019,I,Bridgeport School District,435,413,1078,9
2019,G,Bristol School District,500,484,1095,7
2019,B,Brookfield School District,549,550,1105,2
2019,F,Brooklyn School District,,,,6
2019,E,Canterbury School District,,,,5
2019,B,Canton School District,565,555,1118,2
2019,N/A,Capital Preparatory Harbor School District,470,440,1090,0
2019,N/A,Capitol Region Education Council,487,458,1089,0
2019,B,Cheshire School District,571,562,1112,2
2019,D,Clinton School District,537,492,1101,4
2019,C,Colchester School District,532,509,1105,3
2019,N/A,Common Ground High School District,441,412,1081,0
2019,N/A,Connecticut Technical Education and Career System,454,434,1089,0
2019,N/A,Cooperative Educational Services,,,,0
2019,D,Coventry School District,541,532,1103,4
2019,D,Cromwell School District,525,510,1096,4
2019,H,Danbury School District,482,454,1093,8
2019,A,Darien School District,611,628,1120,1
2019,G,Derby School District,463,423,1078,7
2019,C,East Granby School District,554,518,1110,3
2019,D,East Haddam School District,541,512,1096,4
2019,E,East Hampton School District,539,501,1093,5
2019,H,East Hartford School District,458,443,1089,8
2019,G,East Haven School District,465,436,1089,7
2019,C,East Lyme School District,554,533,1110,3
2019,E,East Windsor School District,490,475,1094,5
2019,N/A,Eastern Connecticut Regional Educational Service Center (EASTCONN),484,427,1093,0
2019,None due to lack of data,Eastford School District,,,,0
2019,N/A,EdAdvance,,,,0
2019,C,Ellington School District,534,519,1111,3
2019,N/A,Elm City College Preparatory School District,478,474,1094,0
2019,D,Enfield School District,508,499,1112,4
2019,N/A,Explorations District,466,414,1093,0
2019,B,Fairfield School District,566,570,1116,2
2019,B,Farmington School District,578,575,1127,2
2019,B,Glastonbury School District,570,583,1118,2
2019,N/A,Goodwin University Educational Services (GUES),,,,0
2019,C,Granby School District,570,551,1125,3
2019,N/A,Great Oaks Charter School District,,,,0
2019,B,Greenwich School District,579,571,1124,2
2019,None due to lack of data,Griswold School District,491,461,1097,0
2019,G,Groton School District,516,502,1102,7
2019,B,Guilford School District,577,576,1117,2
2019,D,Hamden School District,497,474,1088,4
2019,I,Hartford School District,453,436,1082,9
2019,None due to lack of data,Hartland School District,,,,0
2019,N/A,Highville Charter School District,,,,0
2019,N/A,Jumoke Academy District,,,,0
2019,G,Killingly School District,502,474,1096,7
2019,N/A,Learn,525,495,1101,0
2019,F,Lebanon School District,521,509,1106,6
2019,D,Ledyard School District,517,498,1105,4
2019,C,Litchfield School District,552,523,1112,3
2019,A,Madison School District,579,579,1103,1
2019,G,Manchester School District,480,469,1085,7
2019,H,Meriden School District,453,424,1086,8
2019,G,Middletown School District,492,471,1084,7
2019,D,Milford School District,527,514,1100,4
2019,B,Monroe School District,564,570,1110,2
2019,F,Montville School District,520,479,1096,6
2019,G,Naugatuck School District,473,446,1088,7
2019,I,New Britain School District,428,412,1080,9
2019,A,New Canaan School District,618,619,1121,1
2019,C,New Fairfield School District,546,522,1099,3
2019,I,New Haven School District,444,423,1080,9
2019,I,New London School District,442,431,1080,9
2019,D,New Milford School District,530,530,1104,4
2019,D,Newington School District,536,528,1101,4
2019,C,Newtown School District,573,579,1107,3
2019,D,North Branford School District,518,504,1110,4
2019,C,North Haven School District,516,504,1097,3
2019,None due to lack of data,North Stonington School District,572,549,1124,0
2019,H,Norwalk School District,491,478,1087,8
2019,N/A,Norwich Free Academy District,497,479,1098,0
2019,H,Norwich School District,,,,8
2019,D,Old Saybrook School District,532,528,1103,4
2019,B,Oxford School District,523,489,1098,2
2019,G,Plainfield School District,488,453,1089,7
2019,G,Plainville School District,507,498,1100,7
2019,F,Plymouth School District,501,493,1090,6
2019,None due to lack of data,Portland School District,521,520,1110,0
2019,E,Preston School District,,,,5
2019,G,Putnam School District,479,435,1093,7
2019,None due to lack of data,Regional School District 01,526,480,1108,0
2019,D,Regional School District 04,565,537,1105,4
2019,B,Regional School District 05,569,563,1115,2
2019,C,Regional School District 06,535,495,1100,3
2019,C,Regional School District 07,551,562,1107,3
2019,C,Regional School District 08,565,571,1115,3
2019,C,Regional School District 09,588,587,1119,3
2019,C,Regional School District 10,554,527,1109,3
2019,E,Regional School District 11,536,523,1112,5
2019,D,Regional School District 12,558,540,1111,4
2019,C,Regional School District 13,562,535,1112,3
2019,C,Regional School District 14,526,503,1100,3
2019,B,Regional School District 15,564,569,1116,2
2019,D,Regional School District 16,543,542,1100,4
2019,C,Regional School District 17,555,544,1113,3
2019,C,Regional School District 18,580,580,1118,3
2019,D,Regional School District 19,556,572,1108,4
2019,A,Ridgefield School District,604,604,1116,1
2019,B,Rocky Hill School District,528,521,1105,2
2019,C,Salem School District,,,,3
2019,D,Seymour School District,511,493,1093,4
2019,D,Shelton School District,534,528,1106,4
2019,C,Sherman School District,,,,3
2019,B,Simsbury School District,589,577,1127,2
2019,C,Somers School District,543,518,1097,3
2019,B,South Windsor School District,557,554,1109,2
2019,C,Southington School District,532,532,1108,3
2019,F,Sprague School District,,,,6
2019,F,Stafford School District,523,510,1106,6
2019,N/A,Stamford Academy District,391,374,1062,0
2019,H,Stamford School District,497,488,1090,8
2019,None due to lack of data,Sterling School District,,,,0
2019,C,Stonington School District,551,532,1109,3
2019,G,Stratford School District,484,463,1091,7
2019,C,Suffield School District,549,525,1119,3
2019,N/A,The Bridge Academy District,443,425,1086,0
2019,N/A,The Gilbert School District,478,466,1097,0
2019,N/A,The Woodstock Academy District,520,528,1103,0
2019,E,Thomaston School District,523,491,1101,5
2019,F,Thompson School District,504,470,1089,6
2019,C,Tolland School District,558,571,1113,3
2019,G,Torrington School District,483,461,1086,7
2019,B,Trumbull School District,559,567,1123,2
2019,N/A,Unified School District #2,,,,0
2019,G,Vernon School District,504,486,1102,7
2019,None due to lack of data,Voluntown School District,,,,0
2019,D,Wallingford School District,520,502,1107,4
2019,I,Waterbury School District,435,407,1082,9
2019,D,Waterford School District,525,515,1101,4
2019,D,Watertown School District,495,482,1092,4
2019,B,West Hartford School District,566,556,1121,2
2019,H,West Haven School District,469,436,1092,8
2019,None due to lack of data,Westbrook School District,551,530,1094,0
2019,A,Weston School District,604,590,1125,1
2019,A,Westport School District,612,610,1125,1
2019,C,Wethersfield School District,527,514,1102,3
2019,A,Wilton School District,614,595,1116,1
2019,F,Winchester School District,,,,6
2019,I,Windham School District,441,420,1075,9
2019,F,Windsor Locks School District,477,448,1092,6
2019,D,Windsor School District,489,468,1100,4
2019,E,Wolcott School District,526,521,1099,5
2019,C,Woodstock School District,,,,3
2022,N/A,Achievement First Bridgeport Academy District,444,436,1072,0
2022,N/A,Achievement First Hartford Academy District,428,423,1073,0
2022,N/A,Amistad Academy District,436,434,1073,0
2022,G,Ansonia School District,443,416,1085,7
2022,N/A,Area Cooperative Educational Services,,,,0
2022,B,Avon School District,576,574,1124,2
2022,D,Berlin School District,522,516,1105,4
2022,D,Bethel School District,519,508,1113,4
2022,G,Bloomfield School District,457,438,1091,7
2022,C,Bolton School District,551,517,1122,3
2022,None due to lack of data,Bozrah School District,,,,0
2022,D,Branford School District,495,472,1096,4
2022,I,Bridgeport School District,434,408,1077,9
2022,G,Bristol School District,482,462,1093,7
2022,B,Brookfield School District,539,530,1106,2
2022,F,Brooklyn School District,,,,6
2022,E,Canterbury School District,,,,5
2022,B,Canton School District,548,531,1111,2
2022,N/A,Capital Preparatory Harbor School District,426,420,1084,0
2022,N/A,Capitol Region Education Council,445,419,1081,0
2022,B,Cheshire School District,553,541,1108,2
2022,D,Clinton School District,519,513,1101,4
2022,C,Colchester School District,516,516,1103,3
2022,N/A,Common Ground High School District,431,400,1075,0
2022,N/A,Connecticut Technical Education and Career System,440,420,1088,0
2022,N/A,Cooperative Educational Services,,,,0
2022,D,Coventry School District,510,497,1105,4
2022,D,Cromwell School District,508,507,1105,4
2022,H,Danbury School District,457,434,1084,8
2022,A,Darien School District,599,617,1118,1
2022,G,Derby School District,467,432,1079,7
2022,C,East Granby School District,545,514,1106,3
2022,D,East Haddam School District,533,516,1096,4
2022,E,East Hampton School District,502,479,1094,5
2022,H,East Hartford School District,448,436,1089,8
2022,G,East Haven School District,461,434,1087,7
2022,C,East Lyme School District,571,554,1119,3
2022,E,East Windsor School District,464,437,1089,5
2022,N/A,Eastern Connecticut Regional Educational Service Center (EASTCONN),483,413,1087,0
2022,None due to lack of data,Eastford School District,,,,0
2022,N/A,EdAdvance,,,,0
2022,C,Ellington School District,535,529,1105,3
2022,N/A,Elm City College Preparatory School District,427,424,1075,0
2022,D,Enfield School District,485,472,1104,4
2022,N/A,Explorations District,478,416,1090,0
2022,B,Fairfield School District,562,553,1109,2
2022,B,Farmington School District,573,558,1120,2
2022,B,Glastonbury School District,563,563,1114,2
2022,N/A,Goodwin University Educational Services (GUES),457,434,1086,0
2022,C,Granby School District,547,530,1125,3
2022,N/A,Great Oaks Charter School District,408,387,1075,0
2022,B,Greenwich School District,570,563,1124,2
2022,None due to lack of data,Griswold School District,487,464,1103,0
2022,G,Groton School District,495,476,1096,7
2022,B,Guilford School District,565,562,1108,2
2022,D,Hamden School District,486,463,1086,4
2022,I,Hartford School District,436,418,1079,9
2022,None due to lack of data,Hartland School District,,,,0
2022,N/A,Highville Charter School District,,,,0
2022,N/A,Jumoke Academy District,,,,0
2022,G,Killingly School District,504,466,1093,7
2022,N/A,Learn,565,530,1114,0
2022,F,Lebanon School District,509,479,1094,6
2022,D,Ledyard School District,517,510,1102,4
2022,C,Litchfield School District,529,521,1104,3
2022,A,Madison School District,553,564,1104,1
2022,G,Manchester School District,461,451,1089,7
2022,H,Meriden School District,453,423,1083,8
2022,G,Middletown School District,463,441,1084,7
2022,D,Milford School District,514,504,1098,4
2022,B,Monroe School District,548,536,1107,2
2022,F,Montville School District,509,486,1095,6
2022,G,Naugatuck School District,471,441,1090,7
2022,I,New Britain School District,436,407,1083,9
2022,A,New Canaan School District,587,581,1123,1
2022,C,New Fairfield School District,513,508,1092,3
2022,I,New Haven School District,439,416,1077,9
2022,I,New London School District,433,414,1080,9
2022,D,New Milford School District,528,509,1099,4
2022,D,Newington School District,498,502,1097,4
2022,C,Newtown School District,539,545,1102,3
2022,D,North Branford School District,518,499,1104,4
2022,C,North Haven School District,516,509,1101,3
2022,None due to lack of data,North Stonington School District,566,535,1118,0
2022,H,Norwalk School District,477,466,1088,8
2022,N/A,Norwich Free Academy District,479,452,1088,0
2022,H,Norwich School District,,,,8
2022,D,Old Saybrook School District,538,530,1093,4
2022,B,Oxford School District,519,490,1104,2
2022,G,Plainfield School District,463,442,1083,7
2022,G,Plainville School District,491,479,1092,7
2022,F,Plymouth School District,490,480,1096,6
2022,None due to lack of data,Portland School District,514,501,1102,0
2022,E,Preston School District,,,,5
2022,G,Putnam School District,470,432,1091,7
2022,None due to lack of data,Regional School District 01,493,461,1101,0
2022,D,Regional School District 04,563,527,1104,4
2022,B,Regional School District 05,576,576,1115,2
2022,C,Regional School District 06,549,503,1098,3
2022,C,Regional School District 07,521,498,1102,3
2022,C,Regional School District 08,549,549,1104,3
2022,C,Regional School District 09,571,563,1121,3
2022,C,Regional School District 10,536,509,1106,3
2022,E,Regional School District 11,501,515,1102,5
2022,D,Regional School District 12,529,504,1108,4
2022,C,Regional School District 13,542,526,1112,3
2022,C,Regional School District 14,510,492,1095,3
2022,B,Regional School District 15,550,550,1105,2
2022,D,Regional School District 16,514,503,1095,4
2022,C,Regional School District 17,545,516,1096,3
2022,C,Regional School District 18,583,577,1119,3
2022,D,Regional School District 19,550,541,1108,4
2022,A,Ridgefield School District,592,580,1112,1
2022,B,Rocky Hill School District,549,539,1103,2
2022,C,Salem School District,,,,3
2022,D,Seymour School District,503,482,1092,4
2022,D,Shelton School District,509,497,1100,4
2022,C,Sherman School District,,,,3
2022,B,Simsbury School District,577,562,1131,2
2022,C,Somers School District,521,523,1097,3
2022,B,South Windsor School District,541,550,1107,2
2022,C,Southington School District,522,518,1109,3
2022,F,Sprague School District,,,,6
2022,F,Stafford School District,512,502,1101,6
2022,N/A,Stamford Academy District,,,,0
2022,H,Stamford School District,493,473,1090,8
2022,None due to lack of data,Sterling School District,,,,0
2022,C,Stonington School District,537,517,1108,3
2022,G,Stratford School District,466,438,1088,7
2022,C,Suffield School District,530,507,1107,3
2022,N/A,The Bridge Academy District,416,408,1082,0
2022,N/A,The Gilbert School District,496,458,1091,0
2022,N/A,The Woodstock Academy District,516,497,1096,0
2022,E,Thomaston School District,510,488,1094,5
2022,F,Thompson School District,491,482,1096,6
2022,C,Tolland School District,546,556,1096,3
2022,G,Torrington School District,477,454,1090,7
2022,B,Trumbull School District,546,557,1117,2
2022,N/A,Unified School District #2,,,,0
2022,G,Vernon School District,474,457,1093,7
2022,None due to lack of data,Voluntown School District,,,,0
2022,D,Wallingford School District,513,496,1107,4
2022,I,Waterbury School District,425,397,1076,9
2022,D,Waterford School District,529,499,1103,4
2022,D,Watertown School District,493,466,1099,4
2022,B,West Hartford School District,549,545,1116,2
2022,H,West Haven School District,449,429,1088,8
2022,None due to lack of data,Westbrook School District,521,507,1104,0
2022,A,Weston School District,607,587,1123,1
2022,A,Westport School District,604,618,1108,1
2022,C,Wethersfield School District,502,488,1094,3
2022,A,Wilton School District,590,576,1112,1
2022,F,Winchester School District,,,,6
2022,I,Windham School District,424,399,1077,9
2022,F,Windsor Locks School District,469,451,1085,6
2022,D,Windsor School District,478,466,1101,4
2022,E,Wolcott School District,512,492,1095,5
2022,C,Woodstock School District,,,,3
2023,N/A,Achievement First Bridgeport Academy District,430,418,1075,0
2023,N/A,Achievement First Hartford Academy District,394,412,1078,0
2023,N/A,Amistad Academy District,432,430,1068,0
2023,G,Ansonia School District,438,425,1089,7
2023,N/A,Area Cooperative Educational Services,,,,0
2023,B,Avon School District,586,586,1123,2
2023,D,Berlin School District,523,511,1114,4
2023,D,Bethel School District,527,501,1114,4
2023,G,Bloomfield School District,432,417,1088,7
2023,C,Bolton School District,531,503,1114,3
2023,None due to lack of data,Bozrah School District,,,,0
2023,D,Branford School District,497,502,1098,4
2023,I,Bridgeport School District,421,397,1076,9
2023,G,Bristol School District,472,453,1094,7
2023,B,Brookfield School District,522,514,1098,2
2023,F,Brooklyn School District,,,,6
2023,E,Canterbury School District,,,,5
2023,B,Canton School District,556,544,1119,2
2023,N/A,Capital Preparatory Harbor School District,427,440,1091,0
2023,N/A,Capitol Region Education Council,448,429,1083,0
2023,B,Cheshire School District,544,538,1112,2
2023,D,Clinton School District,505,497,1102,4
2023,C,Colchester School District,523,524,1105,3
2023,N/A,Common Ground High School District,416,404,1076,0
2023,N/A,Connecticut Technical Education and Career System,442,425,1092,0
2023,N/A,Cooperative Educational Services,,,,0
2023,D,Coventry School District,519,516,1113,4
2023,D,Cromwell School District,503,505,1106,4
2023,H,Danbury School District,450,435,1089,8
2023,A,Darien School District,598,606,1117,1
2023,G,Derby School District,440,412,1081,7
2023,C,East Granby School District,528,505,1110,3
2023,D,East Haddam School District,492,471,1097,4
2023,E,East Hampton School District,519,504,1105,5
2023,H,East Hartford School District,450,437,1087,8
2023,G,East Haven School District,457,432,1094,7
2023,C,East Lyme School District,550,543,1114,3
2023,E,East Windsor School District,450,435,1091,5
2023,N/A,Eastern Connecticut Regional Educational Service Center (EASTCONN),487,444,1086,0
2023,None due to lack of data,Eastford School District,,,,0
2023,N/A,EdAdvance,,,,0
2023,C,Ellington School District,511,513,1093,3
2023,N/A,Elm City College Preparatory School District,448,441,1071,0
2023,D,Enfield School District,483,482,1103,4
2023,N/A,Explorations District,452,416,1096,0
2023,B,Fairfield School District,556,549,1110,2
2023,B,Farmington School District,569,558,1125,2
2023,B,Glastonbury School District,551,554,1114,2
2023,N/A,Goodwin University Educational Services (GUES),453,419,1083,0
2023,C,Granby School District,542,534,1127,3
2023,N/A,Great Oaks Charter School District,405,399,1076,0
2023,B,Greenwich School District,567,567,1125,2
2023,None due to lack of data,Griswold School District,473,459,1096,0
2023,G,Groton School District,505,493,1096,7
2023,B,Guilford School District,563,569,1107,2
2023,D,Hamden School District,464,448,1087,4
2023,I,Hartford School District,427,412,1080,9
2023,None due to lack of data,Hartland School District,,,,0
2023,N/A,Highville Charter School District,,,,0
2023,N/A,Jumoke Academy District,,,,0
2023,G,Killingly School District,496,482,1103,7
2023,N/A,Learn,527,514,1109,0
2023,F,Lebanon School District,484,467,1102,6
2023,D,Ledyard School District,506,492,1106,4
2023,C,Litchfield School District,541,527,1113,3
2023,A,Madison School District,562,574,1112,1
2023,G,Manchester School District,455,442,1084,7
2023,H,Meriden School District,446,417,1085,8
2023,G,Middletown School District,469,445,1090,7
2023,D,Milford School District,509,492,1097,4
2023,B,Monroe School District,545,543,1098,2
2023,F,Montville School District,501,481,1098,6
2023,G,Naugatuck School District,453,432,1088,7
2023,I,New Britain School District,422,407,1079,9
2023,A,New Canaan School District,597,611,1129,1
2023,C,New Fairfield School District,527,528,1105,3
2023,I,New Haven School District,432,413,1081,9
2023,I,New London School District,411,406,1075,9
2023,D,New Milford School District,505,492,1095,4
2023,D,Newington School District,504,508,1106,4
2023,C,Newtown School District,545,551,1113,3
2023,D,North Branford School District,502,490,1102,4
2023,C,North Haven School District,506,507,1110,3
2023,None due to lack of data,North Stonington School District,518,508,1109,0
2023,H,Norwalk School District,459,447,1087,8
2023,N/A,Norwich Free Academy District,459,447,1092,0
2023,H,Norwich School District,,,,8
2023,D,Old Saybrook School District,534,531,1104,4
2023,B,Oxford School District,523,517,1109,2
2023,G,Plainfield School District,460,427,1091,7
2023,G,Plainville School District,505,499,1097,7
2023,F,Plymouth School District,472,460,1097,6
2023,None due to lack of data,Portland School District,525,511,1110,0
2023,E,Preston School District,,,,5
2023,G,Putnam School District,486,456,1093,7
2023,None due to lack of data,Regional School District 01,478,446,1093,0
2023,D,Regional School District 04,524,503,1103,4
2023,B,Regional School District 05,559,557,1106,2
2023,C,Regional School District 06,502,487,1088,3
2023,C,Regional School District 07,528,520,1108,3
2023,C,Regional School District 08,540,532,1102,3
2023,C,Regional School District 09,577,576,1128,3
2023,C,Regional School District 10,535,518,1107,3
2023,E,Regional School District 11,488,499,1108,5
2023,D,Regional School District 12,523,511,1114,4
2023,C,Regional School District 13,530,520,1116,3
2023,C,Regional School District 14,502,501,1093,3
2023,B,Regional School District 15,533,535,1103,2
2023,D,Regional School District 16,524,526,1105,4
2023,C,Regional School District 17,552,539,1122,3
2023,C,Regional School District 18,583,580,1119,3
2023,D,Regional School District 19,531,512,1104,4
2023,A,Ridgefield School District,582,569,1113,1
2023,B,Rocky Hill School District,545,561,1112,2
2023,C,Salem School District,,,,3
2023,D,Seymour School District,508,493,1103,4
2023,D,Shelton School District,495,497,1102,4
2023,C,Sherman School District,,,,3
2023,B,Simsbury School District,550,549,1128,2
2023,C,Somers School District,514,507,1101,3
2023,B,South Windsor School District,529,544,1119,2
2023,C,Southington School District,505,505,1107,3
2023,F,Sprague School District,,,,6
2023,F,Stafford School District,512,511,1109,6
2023,N/A,Stamford Academy District,,,,0
2023,H,Stamford School District,484,476,1089,8
2023,None due to lack of data,Sterling School District,,,,0
2023,C,Stonington School District,534,512,1122,3
2023,G,Stratford School District,466,462,1090,7
2023,C,Suffield School District,525,514,1108,3
2023,N/A,The Bridge Academy District,418,427,1082,0
2023,N/A,The Gilbert School District,464,459,1087,0
2023,N/A,The Woodstock Academy District,510,486,1105,0
2023,E,Thomaston School District,503,467,1092,5
2023,F,Thompson School District,481,454,1092,6
2023,C,Tolland School District,543,551,1113,3
2023,G,Torrington School District,460,428,1088,7
2023,B,Trumbull School District,537,546,1117,2
2023,N/A,Unified School District #2,,,,0
2023,G,Vernon School District,471,456,1094,7
2023,None due to lack of data,Voluntown School District,,,,0
2023,D,Wallingford School District,497,479,1104,4
2023,I,Waterbury School District,419,404,1075,9
2023,D,Waterford School District,535,519,1106,4
2023,D,Watertown School District,486,478,1099,4
2023,B,West Hartford School District,542,546,1120,2
2023,H,West Haven School District,447,429,1095,8
2023,None due to lack of data,Westbrook School District,509,491,1099,0
2023,A,Weston School District,597,575,1120,1
2023,A,Westport School District,602,613,1113,1
2023,C,Wethersfield School District,494,485,1096,3
2023,A,Wilton School District,607,601,1130,1
2023,F,Winchester School District,,,,6
2023,I,Windham School District,398,384,1072,9
2023,F,Windsor Locks School District,477,462,1095,6
2023,D,Windsor School District,472,457,1099,4
2023,E,Wolcott School District,483,471,1088,5
2023,C,Woodstock School District,,,,3
2024,N/A,Achievement First Bridgeport Academy District,435,421,1075,0
2024,N/A,Achievement First Hartford Academy District,411,414,1074,0
2024,N/A,Amistad Academy District,452,418,1078,0
2024,G,Ansonia School District,432,405,1084,7
2024,N/A,Area Cooperative Educational Services,,,,0
2024,B,Avon School District,575,555,1111,2
2024,D,Berlin School District,520,499,1117,4
2024,D,Bethel School District,521,510,1118,4
2024,G,Bloomfield School District,438,412,1090,7
2024,C,Bolton School District,536,525,1117,3
2024,None due to lack of data,Bozrah School District,,,,0
2024,D,Branford School District,506,485,1098,4
2024,I,Bridgeport School District,412,391,1078,9
2024,G,Bristol School District,458,443,1101,7
2024,B,Brookfield School District,534,507,1110,2
2024,F,Brooklyn School District,,,,6
2024,E,Canterbury School District,,,,5
2024,B,Canton School District,550,520,1123,2
2024,N/A,Capital Preparatory Harbor School District,459,437,1096,0
2024,N/A,Capitol Region Education Council,444,407,1082,0
2024,B,Cheshire School District,553,532,1113,2
2024,D,Clinton School District,498,490,1102,4
2024,C,Colchester School District,512,497,1101,3
2024,N/A,Common Ground High School District,455,434,1089,0
2024,N/A,Connecticut Technical Education and Career System,431,414,1091,0
2024,N/A,Cooperative Educational Services,,,,0
2024,D,Coventry School District,527,502,1115,4
2024,D,Cromwell School District,528,506,1107,4
2024,H,Danbury School District,432,419,1087,8
2024,A,Darien School District,605,594,1121,1
2024,G,Derby School District,439,398,1081,7
2024,C,East Granby School District,538,509,1115,3
2024,D,East Haddam School District,527,477,1095,4
2024,E,East Hampton School District,528,489,1109,5
2024,H,East Hartford School District,439,425,1086,8
2024,G,East Haven School District,450,436,1099,7
2024,C,East Lyme School District,557,517,1112,3
2024,E,East Windsor School District,445,430,1090,5
2024,N/A,Eastern Connecticut Regional Educational Service Center (EASTCONN),496,436,1095,0
2024,None due to lack of data,Eastford School District,,,,0
2024,N/A,EdAdvance,,,,0
2024,C,Ellington School District,534,512,1104,3
2024,N/A,Elm City College Preparatory School District,463,422,1081,0
2024,D,Enfield School District,497,481,1107,4
2024,N/A,Explorations District,419,381,,0
2024,B,Fairfield School District,565,540,1111,2
2024,B,Farmington School District,568,547,1119,2
2024,B,Glastonbury School District,566,555,1109,2
2024,N/A,Goodwin University Educational Services (GUES),438,398,1074,0
2024,C,Granby School District,562,526,1122,3
2024,N/A,Great Oaks Charter School District,382,375,1073,0
2024,B,Greenwich School District,578,566,1130,2
2024,None due to lack of data,Griswold School District,469,447,1102,0
2024,G,Groton School District,481,467,1094,7
2024,B,Guilford School District,561,545,1104,2
2024,D,Hamden School District,478,450,1088,4
2024,I,Hartford School District,413,402,1080,9
2024,None due to lack of data,Hartland School District,,,,0
2024,N/A,Highville Charter School District,,,,0
2024,N/A,Jumoke Academy District,,,,0
2024,G,Killingly School District,481,441,1088,7
2024,N/A,Learn,543,498,1113,0
2024,F,Lebanon School District,505,462,1104,6
2024,D,Ledyard School District,503,474,1107,4
2024,C,Litchfield School District,525,495,1097,3
2024,A,Madison School District,569,570,1121,1
2024,G,Manchester School District,452,439,1084,7
2024,H,Meriden School District,440,419,1088,8
2024,G,Middletown School District,461,427,1086,7
2024,D,Milford School District,509,486,1095,4
2024,B,Monroe School District,532,507,1102,2
2024,F,Montville School District,482,451,1094,6
2024,G,Naugatuck School District,445,417,1088,7
2024,I,New Britain School District,419,393,1075,9
2024,A,New Canaan School District,599,588,1129,1
2024,C,New Fairfield School District,528,507,1096,3
2024,I,New Haven School District,438,411,1081,9
2024,I,New London School District,388,379,1077,9
2024,D,New Milford School District,510,477,1096,4
2024,D,Newington School District,503,490,1108,4
2024,C,Newtown School District,548,535,1106,3
2024,D,North Branford School District,495,480,1098,4
2024,C,North Haven School District,515,497,1113,3
2024,None due to lack of data,North Stonington School District,536,515,1111,0
2024,H,Norwalk School District,459,455,1088,8
2024,N/A,Norwich Free Academy District,467,440,1093,0
2024,H,Norwich School District,,,,8
2024,D,Old Saybrook School District,545,515,1111,4
2024,B,Oxford School District,506,500,1103,2
2024,G,Plainfield School District,480,434,1092,7
2024,G,Plainville School District,499,489,1095,7
2024,F,Plymouth School District,463,443,1093,6
2024,None due to lack of data,Portland School District,502,477,1101,0
2024,E,Preston School District,,,,5
2024,G,Putnam School District,451,424,1083,7
2024,None due to lack of data,Regional School District 01,495,465,1094,0
2024,D,Regional School District 04,499,477,1100,4
2024,B,Regional School District 05,553,532,1101,2
2024,C,Regional School District 06,513,486,1101,3
2024,C,Regional School District 07,517,493,1102,3
2024,C,Regional School District 08,534,523,1105,3
2024,C,Regional School District 09,569,553,1131,3
2024,C,Regional School District 10,539,489,1115,3
2024,E,Regional School District 11,534,492,1110,5
2024,D,Regional School District 12,540,504,1111,4
2024,C,Regional School District 13,532,501,1109,3
2024,C,Regional School District 14,501,499,1100,3
2024,B,Regional School District 15,540,544,1116,2
2024,D,Regional School District 16,514,494,1106,4
2024,C,Regional School District 17,548,536,1114,3
2024,C,Regional School District 18,569,551,1117,3
2024,D,Regional School District 19,534,504,1108,4
2024,A,Ridgefield School District,590,573,1117,1
2024,B,Rocky Hill School District,516,519,1100,2
2024,C,Salem School District,,,,3
2024,D,Seymour School District,499,477,1099,4
2024,D,Shelton School District,514,505,1100,4
2024,C,Sherman School District,,,,3
2024,B,Simsbury School District,574,555,1130,2
2024,C,Somers School District,537,504,1106,3
2024,B,South Windsor School District,545,540,1125,2
2024,C,Southington School District,516,494,1104,3
2024,F,Sprague School District,,,,6
2024,F,Stafford School District,485,481,1104,6
2024,N/A,Stamford Academy District,,,,0
2024,H,Stamford School District,474,453,1088,8
2024,None due to lack of data,Sterling School District,,,,0
2024,C,Stonington School District,551,517,1121,3
2024,G,Stratford School District,448,425,1090,7
2024,C,Suffield School District,539,509,1117,3
2024,N/A,The Bridge Academy District,429,422,1083,0
2024,N/A,The Gilbert School District,481,453,1087,0
2024,N/A,The Woodstock Academy District,518,484,1097,0
2024,E,Thomaston School District,501,476,1098,5
2024,F,Thompson School District,473,435,1092,6
2024,C,Tolland School District,535,522,1097,3
2024,G,Torrington School District,463,447,1088,7
2024,B,Trumbull School District,545,543,1118,2
2024,N/A,Unified School District #2,,,,0
2024,G,Vernon School District,475,450,1097,7
2024,None due to lack of data,Voluntown School District,,,,0
2024,D,Wallingford School District,489,463,1102,4
2024,I,Waterbury School District,412,390,1076,9
2024,D,Waterford School District,543,530,1116,4
2024,D,Watertown School District,481,437,1095,4
2024,B,West Hartford School District,555,534,1119,2
2024,H,West Haven School District,437,422,1091,8
2024,None due to lack of data,Westbrook School District,508,498,1101,0
2024,A,Weston School District,600,562,1129,1
2024,A,Westport School District,612,602,1128,1
2024,C,Wethersfield School District,510,490,1103,3
2024,A,Wilton School District,605,599,1132,1
2024,F,Winchester School District,,,,6
2024,I,Windham School District,419,390,1083,9
2024,F,Windsor Locks School District,485,463,1102,6
2024,D,Windsor School District,490,467,1107,4
2024,E,Wolcott School District,504,481,1092,5
2024,C,Woodstock School District,,,,3